<?xml version="1.0" encoding="UTF-8"?>

<beans xmlns="http://www.springframework.org/schema/beans"
		xmlns:xsi="http://www.w3.org/2001/XMLSchema-instance"
		xmlns:tx="http://www.springframework.org/schema/tx"
		xmlns:aop="http://www.springframework.org/schema/aop"
		xsi:schemaLocation=
				"http://www.springframework.org/schema/beans 
				 http://www.springframework.org/schema/beans/spring-beans.xsd
				 http://www.springframework.org/schema/tx 
				 http://www.springframework.org/schema/tx/spring-tx.xsd
				 http://www.springframework.org/schema/aop 
				 http://www.springframework.org/schema/aop/spring-aop.xsd">
				 		 
												 
	
	<!-- TransactioManager instance 생성 -->
	<bean id="transactionManager" 
				class="org.springframework.jdbc.datasource.DataSourceTransactionManager" >
		<property name="dataSource" ref="dataSource"/>
	</bean>	
	
	<!-- Transaction Advice 생성 
			:: method : transaction 적용 Method
			:: propagation : transaction 전파규칙(default : REQUIRED)
			:: read-only : 트랜잭션이 읽기만가능 (선택)-->
	<tx:advice id="txAdvice" transaction-manager="transactionManager">
		<tx:attributes>
			<!--모든 Method에 적용 transaction 규칙 -->		
			<tx:method	name="*"/>
		</tx:attributes>
	</tx:advice>

	<!-- AOP : pointcut / advisor 설정 -->
	<aop:config>
		<aop:pointcut 	id="requiredTx"
									expression="execution(* com.model2.mvc.service..*ServiceImpl.*(..) )" />
		<aop:advisor 	advice-ref="txAdvice"  pointcut-ref="requiredTx"  />
	</aop:config>

</beans>